{"cameraMode":{"drawMode":0,"name":"Shaded","section":"Shading Mode"},"sceneLighting":true,"audioPlay":false,"sceneViewState":{"showFog":true,"showMaterialUpdate":false,"showSkybox":true,"showFlares":true,"showImageEffects":true,"showParticleSystems":true},"in2DMode":false,"pivot":{"x":1.1249158382415772,"y":3.195863962173462,"z":0.1756141185760498},"rotation":{"x":0.22836615145206452,"y":-0.49799078702926638,"z":0.13782420754432679,"w":0.8251489400863648},"size":5.083184242248535,"orthographic":false}