{"cameraMode":{"drawMode":0,"name":"Shaded","section":"Shading Mode"},"sceneLighting":false,"audioPlay":false,"sceneViewState":{"showFog":false,"showMaterialUpdate":false,"showSkybox":false,"showFlares":false,"showImageEffects":false,"showParticleSystems":false},"in2DMode":false,"pivot":{"x":10.341794967651368,"y":-2.919537305831909,"z":6.9351701736450199},"rotation":{"x":0.13832394778728486,"y":0.5662386417388916,"z":-0.09708841890096665,"w":0.8067305088043213},"size":12.355668067932129,"orthographic":false}