{"cameraMode":{"drawMode":0,"name":"Shaded","section":"Shading Mode"},"sceneLighting":false,"audioPlay":false,"sceneViewState":{"showFog":false,"showMaterialUpdate":false,"showSkybox":false,"showFlares":false,"showImageEffects":false,"showParticleSystems":false},"in2DMode":false,"pivot":{"x":8.715693473815918,"y":-6.913187503814697,"z":4.266848564147949},"rotation":{"x":0.28159576654434206,"y":0.589685320854187,"z":-0.23028619587421418,"w":0.7210710048675537},"size":19.025400161743165,"orthographic":false}