{"cameraMode":{"drawMode":0,"name":"Shaded","section":"Shading Mode"},"sceneLighting":false,"audioPlay":false,"sceneViewState":{"showFog":false,"showMaterialUpdate":false,"showSkybox":false,"showFlares":false,"showImageEffects":false,"showParticleSystems":false},"in2DMode":false,"pivot":{"x":8.480064392089844,"y":-3.618934154510498,"z":10.327371597290039},"rotation":{"x":0.18095192313194276,"y":0.4168904423713684,"z":-0.08507686853408814,"w":0.8866908550262451},"size":23.403949737548829,"orthographic":false}