{"cameraMode":{"drawMode":0,"name":"Shaded","section":"Shading Mode"},"sceneLighting":false,"audioPlay":false,"sceneViewState":{"showFog":false,"showMaterialUpdate":false,"showSkybox":false,"showFlares":false,"showImageEffects":false,"showParticleSystems":false},"in2DMode":false,"pivot":{"x":8.206488609313965,"y":-7.367769718170166,"z":-1.5900284051895142},"rotation":{"x":0.23564662039279939,"y":0.7248570919036865,"z":-0.29694876074790957,"w":0.5752167701721191},"size":19.025400161743165,"orthographic":false}