{"cameraMode":{"drawMode":0,"name":"Shaded","section":"Shading Mode"},"sceneLighting":false,"audioPlay":false,"sceneViewState":{"showFog":false,"showMaterialUpdate":false,"showSkybox":false,"showFlares":false,"showImageEffects":false,"showParticleSystems":false},"in2DMode":false,"pivot":{"x":7.152622699737549,"y":-4.920584201812744,"z":9.188114166259766},"rotation":{"x":0.25504183769226076,"y":0.38634610176086428,"z":-0.11206243932247162,"w":0.879279375076294},"size":14.698636054992676,"orthographic":false}