{"cameraMode":{"drawMode":0,"name":"Shaded","section":"Shading Mode"},"sceneLighting":false,"audioPlay":false,"sceneViewState":{"showFog":true,"showMaterialUpdate":false,"showSkybox":true,"showFlares":true,"showImageEffects":true,"showParticleSystems":true},"in2DMode":false,"pivot":{"x":0.6702253818511963,"y":1.1449999809265137,"z":2.2400002479553224},"rotation":{"x":-0.16585783660411836,"y":0.6198921203613281,"z":-0.1362198144197464,"w":-0.7547650337219238},"size":7.49914026260376,"orthographic":false}